organization,identity,purpose,issued_in,ca_root,ca_root_sha256,issuer,subject,serial_hex,aki_hex,ski_hex,san,key_usage,extended_key_usage,not_before_utc,not_after_utc,cert_sha256,public_key_sha256,supply_user_id,supply_role,cert_path,cert_owner_uid_gid,cert_mode,key_owner_uid_gid,key_mode,identity_dir_mode,key_matches_cert,local_root_copy,chain_verifies
buyer,buyer-admin1,organization admin ECert,M1 #10,buyer-enroll-ca,8B:57:A9:8D:F8:BB:8A:09:AE:88:CA:8C:56:EE:DB:96:DF:E0:65:FC:E8:BD:68:D9:C0:B8:B8:BF:3A:E5:12:52,"CN=buyer-enroll-ca,OU=buyer enroll CA,O=SupplyLedger Lab,C=CN","CN=buyer-admin1,OU=admin,O=Hyperledger,ST=North Carolina,C=US",02CB8F48C62EF5901DD8979DE45FE85B0FA2B1E8,96:C5:DE:3E:4F:D8:A0:80:86:B1:FB:FB:18:55:03:0B:D3:BF:CF:D4,71:4D:32:56:A7:57:E3:6B:68:30:89:52:EB:AA:67:32:9D:CB:22:09,DNS:5590d26a909a,Digital Signature,ABSENT,2026-09-24 12:28:00Z,2027-09-24 13:31:00Z,50:AA:46:2C:35:BC:48:AA:C5:66:D7:DB:E6:8A:70:F1:EA:AC:CD:C5:1E:26:94:34:45:F5:6A:09:CE:2F:87:7B,7fd270f4997f2a089e14de49219d10f3af1985093f441477c4abcd98870e7d56,,,.runtime/identities/buyer/buyer-admin1/msp/signcerts/cert.pem,501:20,0644,501:20,0600,0700,PASS,PASS,PASS
buyer,buyer-client1,attribute-free client ECert,M1 #10,buyer-enroll-ca,8B:57:A9:8D:F8:BB:8A:09:AE:88:CA:8C:56:EE:DB:96:DF:E0:65:FC:E8:BD:68:D9:C0:B8:B8:BF:3A:E5:12:52,"CN=buyer-enroll-ca,OU=buyer enroll CA,O=SupplyLedger Lab,C=CN","CN=buyer-client1,OU=client,O=Hyperledger,ST=North Carolina,C=US",20899809CD53091F3CDC616AA28B6A700F0631ED,96:C5:DE:3E:4F:D8:A0:80:86:B1:FB:FB:18:55:03:0B:D3:BF:CF:D4,ED:0F:E9:80:0C:29:1B:F0:06:93:15:D2:88:74:3B:12:22:36:35:2A,DNS:86f6cd694fd0,Digital Signature,ABSENT,2026-09-24 12:28:00Z,2027-09-24 13:31:00Z,B3:D9:E7:8D:BE:20:9F:34:DA:67:01:37:E6:8E:F4:45:FF:AB:2E:F8:24:C3:1C:FE:D6:85:71:36:9D:ED:FE:F2,91db6637ec0619a78780d25ea068bc4422cf3da485a4bbb1f19a448b10bb1892,,,.runtime/identities/buyer/buyer-client1/msp/signcerts/cert.pem,501:20,0644,501:20,0600,0700,PASS,PASS,PASS
buyer,buyer-operator1,business user ECert,M1 #10,buyer-enroll-ca,8B:57:A9:8D:F8:BB:8A:09:AE:88:CA:8C:56:EE:DB:96:DF:E0:65:FC:E8:BD:68:D9:C0:B8:B8:BF:3A:E5:12:52,"CN=buyer-enroll-ca,OU=buyer enroll CA,O=SupplyLedger Lab,C=CN","CN=buyer-operator1,OU=client,O=Hyperledger,ST=North Carolina,C=US",401408EAF467D7AE95D268FC6586D7123E24FBDB,96:C5:DE:3E:4F:D8:A0:80:86:B1:FB:FB:18:55:03:0B:D3:BF:CF:D4,86:B6:EE:53:C9:D4:EB:42:04:B2:F7:5B:12:C8:61:D4:65:36:82:2B,DNS:3557fd7485f0,Digital Signature,ABSENT,2026-09-24 12:28:00Z,2027-09-24 13:29:00Z,92:6C:8F:C1:A1:41:0B:D2:66:26:51:46:89:ED:4E:90:FA:0A:F1:B2:0F:E5:00:4F:A1:75:D1:A7:32:57:88:4C,22e74de6b6b2071720249cf3e54e8304960b3e5193b39bd500c43c28cf4ee3dc,buyer.operator1,operator,.runtime/identities/buyer/buyer-operator1/msp/signcerts/cert.pem,501:20,0644,501:20,0600,0700,PASS,PASS,PASS
buyer,buyer-peer0,Peer node ECert,M1 #10,buyer-enroll-ca,8B:57:A9:8D:F8:BB:8A:09:AE:88:CA:8C:56:EE:DB:96:DF:E0:65:FC:E8:BD:68:D9:C0:B8:B8:BF:3A:E5:12:52,"CN=buyer-enroll-ca,OU=buyer enroll CA,O=SupplyLedger Lab,C=CN","CN=buyer-peer0,OU=peer,O=Hyperledger,ST=North Carolina,C=US",054E0059E8CD99959E5BFD1445062DC67443A60E,96:C5:DE:3E:4F:D8:A0:80:86:B1:FB:FB:18:55:03:0B:D3:BF:CF:D4,18:93:99:4F:9E:F2:96:59:BA:8E:F1:CC:E2:20:5D:86:7F:79:94:20,DNS:050ae1f7bb3d,Digital Signature,ABSENT,2026-09-24 12:28:00Z,2027-09-24 13:32:00Z,2B:C1:91:F0:45:5C:71:63:B6:5E:71:CD:2B:00:F5:75:B1:EC:36:3D:83:CE:36:76:14:88:0E:C5:84:9E:20:17,ae9cb62450a7ad983c308395604968443539771d71ca5f8a7649f240c5a6bc77,,,.runtime/identities/buyer/buyer-peer0/msp/signcerts/cert.pem,501:20,0644,501:20,0600,0700,PASS,PASS,PASS
buyer,buyer-peer0-tls,Peer TLS node,M1 #10,buyer-tls-ca,5E:C8:AD:97:97:6E:49:65:06:DD:69:45:9A:63:D1:05:42:9C:36:A0:19:AA:DE:50:DE:32:3F:A3:C2:40:C3:54,"CN=buyer-tls-ca,OU=buyer tls CA,O=SupplyLedger Lab,C=CN","CN=buyer-peer0-tls,OU=peer,O=Hyperledger,ST=North Carolina,C=US",7D7BD0DB3FF4A71CF1B30562A76B871269CF23C2,C8:CB:03:79:C6:9D:13:79:FB:E8:4A:26:C3:5E:7A:37:E9:73:C5:44,10:8B:F0:34:77:CA:BE:E1:06:63:A9:08:21:0C:A8:6F:62:08:B7:32,DNS:peer0.buyer.supply.test,"Digital Signature, Key Encipherment, Key Agreement","TLS Web Server Authentication, TLS Web Client Authentication",2026-09-24 12:19:00Z,2027-09-24 13:33:00Z,36:E0:6D:3B:83:58:4A:7E:74:86:00:F5:FB:F1:51:E3:0D:3B:54:1E:61:C6:39:19:09:C7:FB:59:BD:F4:1B:3E,2ab4bc4879e8307f107dadf050d02cfd12e3f3f80fa850cb166293203b552f5e,,,.runtime/identities/buyer/buyer-peer0-tls/msp/signcerts/cert.pem,501:20,0644,501:20,0600,0700,PASS,PASS,PASS
buyer,buyer-quality1,business user ECert,M1 #10,buyer-enroll-ca,8B:57:A9:8D:F8:BB:8A:09:AE:88:CA:8C:56:EE:DB:96:DF:E0:65:FC:E8:BD:68:D9:C0:B8:B8:BF:3A:E5:12:52,"CN=buyer-enroll-ca,OU=buyer enroll CA,O=SupplyLedger Lab,C=CN","CN=buyer-quality1,OU=client,O=Hyperledger,ST=North Carolina,C=US",0A3B0DDC8646E99F84E1F897EBF2C57B4F29EFCE,96:C5:DE:3E:4F:D8:A0:80:86:B1:FB:FB:18:55:03:0B:D3:BF:CF:D4,52:38:48:E8:5B:28:75:8D:10:E4:04:BE:E2:79:DA:0C:D5:B9:8F:88,DNS:0d2720864add,Digital Signature,ABSENT,2026-09-24 12:28:00Z,2027-09-24 13:30:00Z,1F:E4:F4:86:2B:68:84:67:6E:56:82:53:BA:D3:3C:10:5C:8E:F2:D7:D5:E5:23:4F:41:92:F2:E4:C0:84:3B:78,4bc8acd99da4b4bde8a2c96cfe0dbbcb04db65a15474512f19991b03c4d4b132,buyer.quality1,quality,.runtime/identities/buyer/buyer-quality1/msp/signcerts/cert.pem,501:20,0644,501:20,0600,0700,PASS,PASS,PASS
buyer,enroll-registrar,CA registrar,M1 #10,buyer-enroll-ca,8B:57:A9:8D:F8:BB:8A:09:AE:88:CA:8C:56:EE:DB:96:DF:E0:65:FC:E8:BD:68:D9:C0:B8:B8:BF:3A:E5:12:52,"CN=buyer-enroll-ca,OU=buyer enroll CA,O=SupplyLedger Lab,C=CN","CN=buyer-enroll-registrar,OU=client,O=Hyperledger,ST=North Carolina,C=US",06B8EBD64AFD6AB015B32DFD2C7A6036DE0A6522,96:C5:DE:3E:4F:D8:A0:80:86:B1:FB:FB:18:55:03:0B:D3:BF:CF:D4,80:D9:D3:55:30:F7:DF:B1:75:61:A9:D2:53:2C:62:93:50:07:45:58,DNS:7b83ee1ed8a5,Digital Signature,ABSENT,2026-09-24 12:28:00Z,2027-09-24 13:13:00Z,1D:8B:7E:7E:A3:61:28:7D:49:24:DA:3A:B1:17:8D:8E:98:7D:4A:5F:E9:9F:E5:92:3C:FE:F9:76:6B:49:6D:E1,be452c9c65fcb6ba5bdf65ca5b7fb954e236ed2afe9ced2aafa029cf2450794e,,,.runtime/identities/buyer/enroll-registrar/msp/signcerts/cert.pem,501:20,0644,501:20,0600,0700,PASS,PASS,PASS
buyer,enroll-server-tls,Enrollment CA HTTPS server,M1 #9,buyer-tls-ca,5E:C8:AD:97:97:6E:49:65:06:DD:69:45:9A:63:D1:05:42:9C:36:A0:19:AA:DE:50:DE:32:3F:A3:C2:40:C3:54,"CN=buyer-tls-ca,OU=buyer tls CA,O=SupplyLedger Lab,C=CN","CN=buyer-enroll-server-tls,OU=client,O=Hyperledger,ST=North Carolina,C=US",1AA94EF8B4A0C1B289FEEFF31200A039C408649E,C8:CB:03:79:C6:9D:13:79:FB:E8:4A:26:C3:5E:7A:37:E9:73:C5:44,EE:63:D8:AA:1D:84:27:7C:59:43:63:15:07:BA:F7:5A:AE:00:82:E2,DNS:ca-enroll.buyer.supply.test,"Digital Signature, Key Encipherment, Key Agreement","TLS Web Server Authentication, TLS Web Client Authentication",2026-09-24 12:19:00Z,2027-09-24 12:32:00Z,D5:20:4C:C1:9B:00:5C:8E:EA:9B:FF:98:8D:CE:5B:6C:84:63:0E:26:A7:4C:D4:D8:3A:D4:BF:04:3B:0A:6C:57,3428b5146f5d624c1cc6570d97db445f4279333d8ec334179a83da004aaa386b,,,.runtime/identities/buyer/enroll-server-tls/msp/signcerts/cert.pem,501:20,0644,501:20,0600,0700,PASS,PASS,PASS
buyer,tls-registrar,CA registrar,M1 #9,buyer-tls-ca,5E:C8:AD:97:97:6E:49:65:06:DD:69:45:9A:63:D1:05:42:9C:36:A0:19:AA:DE:50:DE:32:3F:A3:C2:40:C3:54,"CN=buyer-tls-ca,OU=buyer tls CA,O=SupplyLedger Lab,C=CN","CN=buyer-tls-registrar,OU=client,O=Hyperledger,ST=North Carolina,C=US",207CDE7199934538A69FF4EB414926B057385A75,C8:CB:03:79:C6:9D:13:79:FB:E8:4A:26:C3:5E:7A:37:E9:73:C5:44,B4:51:C8:0F:65:3D:6F:AE:3D:59:0B:65:17:09:F9:95:ED:A1:DA:5E,DNS:263bb581db21,"Digital Signature, Key Encipherment, Key Agreement","TLS Web Server Authentication, TLS Web Client Authentication",2026-09-24 12:19:00Z,2027-09-24 12:32:00Z,8F:4A:5B:F6:C6:A4:B1:2D:15:26:D7:22:FE:12:35:0E:CC:99:DA:45:05:9B:A3:F2:EF:AE:C8:8A:A1:22:99:18,c35943f56bfe0b2bf9787244ef2fde3499b8dac3be5ccd089d116c804e944129,,,.runtime/identities/buyer/tls-registrar/msp/signcerts/cert.pem,501:20,0644,501:20,0600,0700,PASS,PASS,PASS
carrier,carrier-admin1,organization admin ECert,M1 #10,carrier-enroll-ca,98:F5:9C:F2:AD:E1:C0:96:08:1E:34:6D:48:B5:69:17:0B:8B:01:18:A7:99:D0:D5:58:C4:C1:AE:14:20:35:A9,"CN=carrier-enroll-ca,OU=carrier enroll CA,O=SupplyLedger Lab,C=CN","CN=carrier-admin1,OU=admin,O=Hyperledger,ST=North Carolina,C=US",09D841966F002513973CC3FEBE2B7519753F0D82,DC:41:1E:94:51:B1:13:6E:7F:48:C0:A2:4C:3D:E3:6A:DF:B9:33:8C,F3:53:6C:F7:67:59:92:63:B0:84:8D:9A:A7:F8:B6:BC:71:CD:6F:9D,DNS:348c1636fbe6,Digital Signature,ABSENT,2026-09-24 12:29:00Z,2027-09-24 13:34:00Z,28:DA:73:E5:2D:98:FE:0D:9E:5F:61:C0:75:CC:0E:C0:D0:95:48:94:EA:02:40:71:DB:7A:0B:A7:2C:BE:02:96,ad577201e8a3cbd995e40a9a3e1aac3d6ab1d0f63f746cca5aa6d8736432bd60,,,.runtime/identities/carrier/carrier-admin1/msp/signcerts/cert.pem,501:20,0644,501:20,0600,0700,PASS,PASS,PASS
carrier,carrier-client1,attribute-free client ECert,M1 #10,carrier-enroll-ca,98:F5:9C:F2:AD:E1:C0:96:08:1E:34:6D:48:B5:69:17:0B:8B:01:18:A7:99:D0:D5:58:C4:C1:AE:14:20:35:A9,"CN=carrier-enroll-ca,OU=carrier enroll CA,O=SupplyLedger Lab,C=CN","CN=carrier-client1,OU=client,O=Hyperledger,ST=North Carolina,C=US",7EB308B083C0CB55009D672A19452DD355B45A5D,DC:41:1E:94:51:B1:13:6E:7F:48:C0:A2:4C:3D:E3:6A:DF:B9:33:8C,06:C1:D3:BD:30:9F:AE:FC:44:53:C7:15:D2:8C:76:39:6B:78:7C:B4,DNS:f5f36cfd8e86,Digital Signature,ABSENT,2026-09-24 12:29:00Z,2027-09-24 13:34:00Z,34:86:D4:EE:9D:B5:A7:78:5E:CF:EA:EF:4D:05:1A:C8:BF:77:C1:11:99:BB:EE:CB:F0:69:B1:BB:47:26:08:60,ec803ac1235c46e1efa0e83a2262efa25d10591bedd714ec93401be0b1b71745,,,.runtime/identities/carrier/carrier-client1/msp/signcerts/cert.pem,501:20,0644,501:20,0600,0700,PASS,PASS,PASS
carrier,carrier-operator1,business user ECert,M1 #10,carrier-enroll-ca,98:F5:9C:F2:AD:E1:C0:96:08:1E:34:6D:48:B5:69:17:0B:8B:01:18:A7:99:D0:D5:58:C4:C1:AE:14:20:35:A9,"CN=carrier-enroll-ca,OU=carrier enroll CA,O=SupplyLedger Lab,C=CN","CN=carrier-operator1,OU=client,O=Hyperledger,ST=North Carolina,C=US",6A2B5C648109DFE3D600111DA016FB39B85139A2,DC:41:1E:94:51:B1:13:6E:7F:48:C0:A2:4C:3D:E3:6A:DF:B9:33:8C,FB:2D:6F:97:22:7A:B8:8D:68:A5:69:E1:8A:AC:90:B7:44:13:8B:3F,DNS:05ac66741bec,Digital Signature,ABSENT,2026-09-24 12:29:00Z,2027-09-24 13:33:00Z,5B:34:BB:BC:C4:44:99:2C:2E:09:5D:DA:F1:BC:4D:CF:8A:34:2B:B7:1F:71:D1:98:35:79:7B:4B:2D:62:A7:58,e65eb635b00f39b59b9926efe96678f4943fc808845e35c8f47e34271f55fe78,carrier.operator1,operator,.runtime/identities/carrier/carrier-operator1/msp/signcerts/cert.pem,501:20,0644,501:20,0600,0700,PASS,PASS,PASS
carrier,carrier-peer0,Peer node ECert,M1 #10,carrier-enroll-ca,98:F5:9C:F2:AD:E1:C0:96:08:1E:34:6D:48:B5:69:17:0B:8B:01:18:A7:99:D0:D5:58:C4:C1:AE:14:20:35:A9,"CN=carrier-enroll-ca,OU=carrier enroll CA,O=SupplyLedger Lab,C=CN","CN=carrier-peer0,OU=peer,O=Hyperledger,ST=North Carolina,C=US",21D8953629933A338164681446FB309427C0B1C7,DC:41:1E:94:51:B1:13:6E:7F:48:C0:A2:4C:3D:E3:6A:DF:B9:33:8C,95:C2:09:2C:9A:C5:92:3E:F6:7B:4B:82:7A:0C:54:54:97:85:4B:7A,DNS:68c2e74d0d2d,Digital Signature,ABSENT,2026-09-24 12:29:00Z,2027-09-24 13:35:00Z,DA:BB:EB:D1:7B:F9:C5:3A:EB:A9:A8:FC:0F:F2:3B:18:0D:AD:FF:E5:47:AB:05:57:9D:98:3A:A2:E5:F3:37:17,11f20ea8acb0e3e67797d7ceaf1afab7789a7282ca286d13cfd35f1fbfc71274,,,.runtime/identities/carrier/carrier-peer0/msp/signcerts/cert.pem,501:20,0644,501:20,0600,0700,PASS,PASS,PASS
carrier,carrier-peer0-tls,Peer TLS node,M1 #10,carrier-tls-ca,3D:3F:FC:65:8F:1C:B6:3F:D1:81:E4:4F:77:23:EC:2E:6C:2E:C6:A1:07:B3:34:50:6B:D4:CC:B5:9E:4C:F9:6A,"CN=carrier-tls-ca,OU=carrier tls CA,O=SupplyLedger Lab,C=CN","CN=carrier-peer0-tls,OU=peer,O=Hyperledger,ST=North Carolina,C=US",45C7198393BE068C45DD72F12CBF11D8993DD948,3C:FA:C4:E2:F3:28:96:B2:DF:A2:8D:FF:15:FD:3D:A5:63:14:90:57,E8:A4:F3:7D:2A:F5:CE:E6:59:D8:52:73:AB:84:8E:A5:C3:6D:25:DA,DNS:peer0.carrier.supply.test,"Digital Signature, Key Encipherment, Key Agreement","TLS Web Server Authentication, TLS Web Client Authentication",2026-09-24 12:20:00Z,2027-09-24 13:35:00Z,B8:B1:73:F4:1C:8B:9D:4F:FA:CB:75:8B:E3:6A:BF:3E:13:B8:82:93:25:0A:5B:8E:E2:5E:13:CE:CD:DE:43:B8,d7c05db22c76f260dc505f962d2e9488e4f802a06e3df047c70b36e381a9541b,,,.runtime/identities/carrier/carrier-peer0-tls/msp/signcerts/cert.pem,501:20,0644,501:20,0600,0700,PASS,PASS,PASS
carrier,enroll-registrar,CA registrar,M1 #10,carrier-enroll-ca,98:F5:9C:F2:AD:E1:C0:96:08:1E:34:6D:48:B5:69:17:0B:8B:01:18:A7:99:D0:D5:58:C4:C1:AE:14:20:35:A9,"CN=carrier-enroll-ca,OU=carrier enroll CA,O=SupplyLedger Lab,C=CN","CN=carrier-enroll-registrar,OU=client,O=Hyperledger,ST=North Carolina,C=US",045012E0801FD4BC5DD806B19DF5F841D93FF8AB,DC:41:1E:94:51:B1:13:6E:7F:48:C0:A2:4C:3D:E3:6A:DF:B9:33:8C,2C:EB:40:E9:4D:DD:FA:E0:7E:7D:C2:70:05:B1:BB:36:6C:92:AD:CF,DNS:184b95246755,Digital Signature,ABSENT,2026-09-24 12:29:00Z,2027-09-24 13:14:00Z,B3:7C:68:DB:77:C6:4B:BF:1F:96:B5:7D:EF:E2:C1:CE:8B:7C:43:1B:03:98:F8:B3:C8:57:3E:7D:E7:86:62:2A,a15cd6f05671bf421a349f7318f25de58b5c1dd401d81e17be6435091d839006,,,.runtime/identities/carrier/enroll-registrar/msp/signcerts/cert.pem,501:20,0644,501:20,0600,0700,PASS,PASS,PASS
carrier,enroll-server-tls,Enrollment CA HTTPS server,M1 #9,carrier-tls-ca,3D:3F:FC:65:8F:1C:B6:3F:D1:81:E4:4F:77:23:EC:2E:6C:2E:C6:A1:07:B3:34:50:6B:D4:CC:B5:9E:4C:F9:6A,"CN=carrier-tls-ca,OU=carrier tls CA,O=SupplyLedger Lab,C=CN","CN=carrier-enroll-server-tls,OU=client,O=Hyperledger,ST=North Carolina,C=US",1CBDD8E5F544A3EEBAA59218BD119B3744CD3579,3C:FA:C4:E2:F3:28:96:B2:DF:A2:8D:FF:15:FD:3D:A5:63:14:90:57,4E:FD:A5:AB:77:25:3C:4E:45:96:AA:CF:AA:26:98:A3:AD:3A:0F:01,DNS:ca-enroll.carrier.supply.test,"Digital Signature, Key Encipherment, Key Agreement","TLS Web Server Authentication, TLS Web Client Authentication",2026-09-24 12:20:00Z,2027-09-24 12:34:00Z,E0:78:16:82:69:49:61:9D:BB:6A:55:76:E0:31:1E:3E:3B:CD:31:88:B5:78:23:1E:B0:95:92:3D:0E:18:D2:AB,70a18eb9047f002e51c3e67ccc25b0c2734793a362ec37d35b381410154c785c,,,.runtime/identities/carrier/enroll-server-tls/msp/signcerts/cert.pem,501:20,0644,501:20,0600,0700,PASS,PASS,PASS
carrier,tls-registrar,CA registrar,M1 #9,carrier-tls-ca,3D:3F:FC:65:8F:1C:B6:3F:D1:81:E4:4F:77:23:EC:2E:6C:2E:C6:A1:07:B3:34:50:6B:D4:CC:B5:9E:4C:F9:6A,"CN=carrier-tls-ca,OU=carrier tls CA,O=SupplyLedger Lab,C=CN","CN=carrier-tls-registrar,OU=client,O=Hyperledger,ST=North Carolina,C=US",1E0FD9EFA289D55B308FA0AA9A6510C2D036F58C,3C:FA:C4:E2:F3:28:96:B2:DF:A2:8D:FF:15:FD:3D:A5:63:14:90:57,33:D1:5B:AB:51:84:12:5A:58:51:A4:50:CC:65:FF:09:CC:2F:AD:47,DNS:5b8aba7939f6,"Digital Signature, Key Encipherment, Key Agreement","TLS Web Server Authentication, TLS Web Client Authentication",2026-09-24 12:20:00Z,2027-09-24 12:33:00Z,95:72:5E:E5:F6:4D:10:9D:DD:9A:45:DB:68:21:2E:53:E1:00:63:AA:F2:AC:21:4A:FE:76:42:59:4F:CE:49:5E,84fe502ae8a020d61f748be8bfc784565b084ebe3a8d89b047b6d9dd90b20ed3,,,.runtime/identities/carrier/tls-registrar/msp/signcerts/cert.pem,501:20,0644,501:20,0600,0700,PASS,PASS,PASS
orderer,admin-tls-registrar,CA registrar,M1 #10,orderer-admin-tls-ca,71:CE:E5:B9:8D:F4:A0:13:49:22:38:4D:C9:12:C5:C8:E6:F4:CC:F7:83:B5:DC:05:FB:80:E6:FF:76:DF:6B:72,"CN=orderer-admin-tls-ca,OU=orderer admin-tls CA,O=SupplyLedger Lab,C=CN","CN=orderer-admin-tls-registrar,OU=client,O=Hyperledger,ST=North Carolina,C=US",0BF7A6AC84736B749DAF18B8B5509E372D248E62,E4:41:2A:9B:CC:53:85:8A:44:E4:02:92:A6:D3:9D:2B:3A:CE:8B:36,7E:87:CB:20:A7:AB:9B:D1:27:54:AB:C1:7A:00:BC:E0:B7:5D:6D:5E,DNS:df6768a98dc6,"Digital Signature, Key Encipherment, Key Agreement","TLS Web Server Authentication, TLS Web Client Authentication",2026-09-24 12:27:00Z,2027-09-24 13:24:00Z,66:68:14:C4:A1:99:EA:DC:6B:24:7F:E4:14:22:88:68:18:3C:0E:5E:2B:C0:56:99:29:EE:D9:5C:C3:4B:F7:AA,f21a1860f49e6975df5ef9a392aa8ad1b87b1ed1fefb521e27d501825df297b3,,,.runtime/identities/orderer/admin-tls-registrar/msp/signcerts/cert.pem,501:20,0644,501:20,0600,0700,PASS,PASS,PASS
orderer,enroll-registrar,CA registrar,M1 #10,orderer-enroll-ca,92:AF:32:37:B4:E9:81:A0:89:69:13:A6:C7:57:BB:E3:C9:C6:CC:28:6A:CF:1B:25:52:BD:A0:C0:6D:23:DF:A4,"CN=orderer-enroll-ca,OU=orderer enroll CA,O=SupplyLedger Lab,C=CN","CN=orderer-enroll-registrar,OU=client,O=Hyperledger,ST=North Carolina,C=US",266AF4F5EEBA7F8B01338277ABA0C6662B2B8BFB,4F:9C:63:1E:C5:D6:3C:F6:1B:DE:40:FB:DD:41:F3:49:AC:12:0E:54,9A:71:03:5C:69:A8:DD:00:81:B5:6B:BF:A7:6A:09:B2:0E:96:B3:36,DNS:c1be18b88e07,Digital Signature,ABSENT,2026-09-24 12:30:00Z,2027-09-24 13:14:00Z,18:ED:64:56:9B:D3:9A:91:A2:59:68:04:77:2D:32:F0:54:1D:F2:BF:A1:D1:A3:0C:70:4C:B3:E8:09:AB:E9:CF,7dcaf962594eb8637d9177ea7458f793330dc1ac00e1baea249e56729eb6d02b,,,.runtime/identities/orderer/enroll-registrar/msp/signcerts/cert.pem,501:20,0644,501:20,0600,0700,PASS,PASS,PASS
orderer,enroll-server-tls,Enrollment CA HTTPS server,M1 #9,orderer-tls-ca,25:D0:A6:EF:0B:CF:77:F1:E7:FF:85:85:70:8D:88:3F:79:CC:CA:81:FE:86:6A:AB:D9:13:E8:49:B7:D0:36:D4,"CN=orderer-tls-ca,OU=orderer tls CA,O=SupplyLedger Lab,C=CN","CN=orderer-enroll-server-tls,OU=client,O=Hyperledger,ST=North Carolina,C=US",0249840653F40985F8BEBD9CADE56D4945653EF3,8C:71:0C:43:20:23:B8:C9:82:B7:46:4D:2D:B6:02:6D:1B:D7:5F:7D,C0:5C:F5:49:AB:8C:84:BA:A0:FD:E1:B4:3C:AC:66:AC:E3:DD:A2:5A,DNS:ca-enroll.orderer.supply.test,"Digital Signature, Key Encipherment, Key Agreement","TLS Web Server Authentication, TLS Web Client Authentication",2026-09-24 12:20:00Z,2027-09-24 12:35:00Z,BB:84:DB:A1:7B:CE:3B:EB:C5:01:94:B1:6A:C9:47:7E:81:11:94:21:45:58:6D:70:90:8E:A2:D3:EF:25:E9:5E,7e417c3d9cdf2d8c6d85fd007de8f17fcc3ed71ac3f5b00df8a08028713b1ed8,,,.runtime/identities/orderer/enroll-server-tls/msp/signcerts/cert.pem,501:20,0644,501:20,0600,0700,PASS,PASS,PASS
orderer,orderer-admin1,organization admin ECert,M1 #10,orderer-enroll-ca,92:AF:32:37:B4:E9:81:A0:89:69:13:A6:C7:57:BB:E3:C9:C6:CC:28:6A:CF:1B:25:52:BD:A0:C0:6D:23:DF:A4,"CN=orderer-enroll-ca,OU=orderer enroll CA,O=SupplyLedger Lab,C=CN","CN=orderer-admin1,OU=admin,O=Hyperledger,ST=North Carolina,C=US",4324FCE62CE23D50E3ED79DF5CA2484ACF599B6D,4F:9C:63:1E:C5:D6:3C:F6:1B:DE:40:FB:DD:41:F3:49:AC:12:0E:54,81:98:5C:28:CF:ED:09:37:4E:78:50:44:C6:95:BD:5B:4A:5D:C1:CA,DNS:f99c61d966f6,Digital Signature,ABSENT,2026-09-24 12:30:00Z,2027-09-24 13:36:00Z,23:8F:9D:20:24:26:F1:51:E0:A0:1D:55:26:8C:E7:01:43:FC:DE:F6:BA:64:63:6F:81:F1:76:2E:95:5C:9A:DF,62bbbe701402cf3307c67a730ef2096622e971f1d55baffa4b69988915f0e92d,,,.runtime/identities/orderer/orderer-admin1/msp/signcerts/cert.pem,501:20,0644,501:20,0600,0700,PASS,PASS,PASS
orderer,orderer0,Orderer node ECert,M1 #10,orderer-enroll-ca,92:AF:32:37:B4:E9:81:A0:89:69:13:A6:C7:57:BB:E3:C9:C6:CC:28:6A:CF:1B:25:52:BD:A0:C0:6D:23:DF:A4,"CN=orderer-enroll-ca,OU=orderer enroll CA,O=SupplyLedger Lab,C=CN","CN=orderer0,OU=orderer,O=Hyperledger,ST=North Carolina,C=US",30E959D8426A163AC5A4B7993F2224831EB41693,4F:9C:63:1E:C5:D6:3C:F6:1B:DE:40:FB:DD:41:F3:49:AC:12:0E:54,BA:28:0C:D2:47:B7:65:2E:06:1A:02:F8:2F:42:47:55:DC:31:BB:04,DNS:c989f9302f34,Digital Signature,ABSENT,2026-09-24 12:30:00Z,2027-09-24 13:37:00Z,74:F8:44:9D:79:B4:FB:C8:D3:DF:70:BF:D4:36:5D:7E:D9:E0:B5:01:8E:88:13:43:13:D1:12:CB:D0:4C:CD:0C,54bd708cea1f93c1deb87e7977050fde42c52678e4026ce7e47255f2ab197256,,,.runtime/identities/orderer/orderer0/msp/signcerts/cert.pem,501:20,0644,501:20,0600,0700,PASS,PASS,PASS
orderer,orderer0-admin-server-tls,Orderer admin HTTPS server,M1 #10,orderer-tls-ca,25:D0:A6:EF:0B:CF:77:F1:E7:FF:85:85:70:8D:88:3F:79:CC:CA:81:FE:86:6A:AB:D9:13:E8:49:B7:D0:36:D4,"CN=orderer-tls-ca,OU=orderer tls CA,O=SupplyLedger Lab,C=CN","CN=orderer0-admin-server-tls,OU=orderer,O=Hyperledger,ST=North Carolina,C=US",64043A1AD2D6AAEDEA9637FABF2FAF0EC01D34D9,8C:71:0C:43:20:23:B8:C9:82:B7:46:4D:2D:B6:02:6D:1B:D7:5F:7D,58:F1:58:7F:34:63:96:B8:1D:5B:94:78:BE:FB:1C:1D:1E:6E:94:31,DNS:orderer0.orderer.supply.test,"Digital Signature, Key Encipherment, Key Agreement","TLS Web Server Authentication, TLS Web Client Authentication",2026-09-24 12:20:00Z,2027-09-24 13:41:00Z,10:3F:9B:11:70:B1:23:5B:D2:C5:1F:DF:EE:79:4F:0E:94:EF:24:5E:72:EB:B5:BD:ED:58:E9:E2:F8:4A:FA:43,156f0e7e9f95dca67b7ea611cd117f945f4695bda34a2a4e00b3ea3a2219b556,,,.runtime/identities/orderer/orderer0-admin-server-tls/msp/signcerts/cert.pem,501:20,0644,501:20,0600,0700,PASS,PASS,PASS
orderer,orderer0-tls,Orderer TLS node,M1 #10,orderer-tls-ca,25:D0:A6:EF:0B:CF:77:F1:E7:FF:85:85:70:8D:88:3F:79:CC:CA:81:FE:86:6A:AB:D9:13:E8:49:B7:D0:36:D4,"CN=orderer-tls-ca,OU=orderer tls CA,O=SupplyLedger Lab,C=CN","CN=orderer0-tls,OU=orderer,O=Hyperledger,ST=North Carolina,C=US",4371274578BE5D23B215C58F28A3ACB3BFBC1C3A,8C:71:0C:43:20:23:B8:C9:82:B7:46:4D:2D:B6:02:6D:1B:D7:5F:7D,0E:CB:81:12:40:3D:B9:AB:D6:4B:DF:47:C8:94:15:C6:FF:D2:24:CB,DNS:orderer0.orderer.supply.test,"Digital Signature, Key Encipherment, Key Agreement","TLS Web Server Authentication, TLS Web Client Authentication",2026-09-24 12:20:00Z,2027-09-24 13:39:00Z,0D:3B:10:B0:08:4A:30:5E:F2:85:8B:AA:00:42:93:42:A7:CC:08:00:8F:F1:41:CE:35:A2:DD:42:F1:C9:FB:97,5a616030890924236dbf134c90f6685dd1bcd690b9ff04035cf0041fb06d57dc,,,.runtime/identities/orderer/orderer0-tls/msp/signcerts/cert.pem,501:20,0644,501:20,0600,0700,PASS,PASS,PASS
orderer,orderer1,Orderer node ECert,M1 #10,orderer-enroll-ca,92:AF:32:37:B4:E9:81:A0:89:69:13:A6:C7:57:BB:E3:C9:C6:CC:28:6A:CF:1B:25:52:BD:A0:C0:6D:23:DF:A4,"CN=orderer-enroll-ca,OU=orderer enroll CA,O=SupplyLedger Lab,C=CN","CN=orderer1,OU=orderer,O=Hyperledger,ST=North Carolina,C=US",522786813882461ADD395A3972418C4B6C39CE42,4F:9C:63:1E:C5:D6:3C:F6:1B:DE:40:FB:DD:41:F3:49:AC:12:0E:54,9F:9C:B8:D0:AB:BB:46:CD:3D:22:2D:B3:C7:EF:D4:52:EA:C2:B2:28,DNS:5328e2afa202,Digital Signature,ABSENT,2026-09-24 12:30:00Z,2027-09-24 13:37:00Z,C6:AE:55:75:E9:9D:F5:25:E9:B6:6C:CC:F6:73:7B:85:33:1F:B3:A0:A4:C7:5F:5D:13:D6:7D:07:80:60:0A:F6,ef4f8f730b7670b9a7648b5548a47f3a464c2e7962a48cd66cf6375fa97013a8,,,.runtime/identities/orderer/orderer1/msp/signcerts/cert.pem,501:20,0644,501:20,0600,0700,PASS,PASS,PASS
orderer,orderer1-admin-server-tls,Orderer admin HTTPS server,M1 #10,orderer-tls-ca,25:D0:A6:EF:0B:CF:77:F1:E7:FF:85:85:70:8D:88:3F:79:CC:CA:81:FE:86:6A:AB:D9:13:E8:49:B7:D0:36:D4,"CN=orderer-tls-ca,OU=orderer tls CA,O=SupplyLedger Lab,C=CN","CN=orderer1-admin-server-tls,OU=orderer,O=Hyperledger,ST=North Carolina,C=US",0E3F5CD9B502FD6291DA914A8615DBE19EC18A1F,8C:71:0C:43:20:23:B8:C9:82:B7:46:4D:2D:B6:02:6D:1B:D7:5F:7D,81:AF:DB:D3:9B:F0:35:ED:99:BB:3A:07:52:93:05:6E:4A:B5:8C:16,DNS:orderer1.orderer.supply.test,"Digital Signature, Key Encipherment, Key Agreement","TLS Web Server Authentication, TLS Web Client Authentication",2026-09-24 12:20:00Z,2027-09-24 13:42:00Z,76:78:1C:F2:8B:CA:55:1C:D0:75:7B:EE:26:F0:30:0D:2F:A9:68:2C:19:FB:FB:1A:84:04:60:7F:0B:C4:C6:0D,bbf97221bba6b6848574d2f11ad5799c034d54a9897d73fec97ebfc55b9b0299,,,.runtime/identities/orderer/orderer1-admin-server-tls/msp/signcerts/cert.pem,501:20,0644,501:20,0600,0700,PASS,PASS,PASS
orderer,orderer1-tls,Orderer TLS node,M1 #10,orderer-tls-ca,25:D0:A6:EF:0B:CF:77:F1:E7:FF:85:85:70:8D:88:3F:79:CC:CA:81:FE:86:6A:AB:D9:13:E8:49:B7:D0:36:D4,"CN=orderer-tls-ca,OU=orderer tls CA,O=SupplyLedger Lab,C=CN","CN=orderer1-tls,OU=orderer,O=Hyperledger,ST=North Carolina,C=US",38E22DB4CF0721B1D31468ED6F80903EB9730B24,8C:71:0C:43:20:23:B8:C9:82:B7:46:4D:2D:B6:02:6D:1B:D7:5F:7D,D5:E6:9F:A7:3E:68:F3:02:23:14:D4:86:A1:0D:26:3F:C0:E1:13:C4,DNS:orderer1.orderer.supply.test,"Digital Signature, Key Encipherment, Key Agreement","TLS Web Server Authentication, TLS Web Client Authentication",2026-09-24 12:20:00Z,2027-09-24 13:40:00Z,F6:B8:D5:45:52:EC:31:E4:D5:D8:79:C2:FD:BD:F9:39:02:23:3C:C8:E3:1D:77:62:8B:5B:26:53:79:C1:76:AD,b95322c93b2993e30ba49a49fec360315527dfcd3fb3d44a5cf4040812c778b4,,,.runtime/identities/orderer/orderer1-tls/msp/signcerts/cert.pem,501:20,0644,501:20,0600,0700,PASS,PASS,PASS
orderer,orderer2,Orderer node ECert,M1 #10,orderer-enroll-ca,92:AF:32:37:B4:E9:81:A0:89:69:13:A6:C7:57:BB:E3:C9:C6:CC:28:6A:CF:1B:25:52:BD:A0:C0:6D:23:DF:A4,"CN=orderer-enroll-ca,OU=orderer enroll CA,O=SupplyLedger Lab,C=CN","CN=orderer2,OU=orderer,O=Hyperledger,ST=North Carolina,C=US",62CEAFB0572C68285E84E4664524F32265BBE290,4F:9C:63:1E:C5:D6:3C:F6:1B:DE:40:FB:DD:41:F3:49:AC:12:0E:54,7D:E3:A4:B0:EC:DF:48:5E:1A:40:8D:EE:C2:4D:BC:02:F3:16:04:47,DNS:bfe2d27760f4,Digital Signature,ABSENT,2026-09-24 12:30:00Z,2027-09-24 13:38:00Z,34:E6:0B:79:64:62:2E:FD:65:04:A6:B0:82:BC:8C:E9:C6:00:85:80:22:6E:4C:1F:8E:4A:44:A2:9D:CE:AF:16,90989cfe6b9e4f34ccc3d9e1c1015979ed7daef95d32f475e51e5d0d7b7c5a3f,,,.runtime/identities/orderer/orderer2/msp/signcerts/cert.pem,501:20,0644,501:20,0600,0700,PASS,PASS,PASS
orderer,orderer2-admin-server-tls,Orderer admin HTTPS server,M1 #10,orderer-tls-ca,25:D0:A6:EF:0B:CF:77:F1:E7:FF:85:85:70:8D:88:3F:79:CC:CA:81:FE:86:6A:AB:D9:13:E8:49:B7:D0:36:D4,"CN=orderer-tls-ca,OU=orderer tls CA,O=SupplyLedger Lab,C=CN","CN=orderer2-admin-server-tls,OU=orderer,O=Hyperledger,ST=North Carolina,C=US",1448FAF98B905D30FF9ADF2C1EADE0A3B7ADCE40,8C:71:0C:43:20:23:B8:C9:82:B7:46:4D:2D:B6:02:6D:1B:D7:5F:7D,04:A9:7E:C0:B4:90:8C:D0:58:16:41:7D:C2:FB:D7:9E:05:7B:C2:5A,DNS:orderer2.orderer.supply.test,"Digital Signature, Key Encipherment, Key Agreement","TLS Web Server Authentication, TLS Web Client Authentication",2026-09-24 12:20:00Z,2027-09-24 13:42:00Z,69:BD:4D:8E:42:31:B1:F9:32:9C:5B:B5:5A:AF:88:DB:2F:46:DA:EA:B1:BD:7A:87:9B:AC:77:DF:0D:62:57:7C,f57ed3aad131f5e688e836bf8d6534febf46e11b40396602ffaaca783b0a823d,,,.runtime/identities/orderer/orderer2-admin-server-tls/msp/signcerts/cert.pem,501:20,0644,501:20,0600,0700,PASS,PASS,PASS
orderer,orderer2-tls,Orderer TLS node,M1 #10,orderer-tls-ca,25:D0:A6:EF:0B:CF:77:F1:E7:FF:85:85:70:8D:88:3F:79:CC:CA:81:FE:86:6A:AB:D9:13:E8:49:B7:D0:36:D4,"CN=orderer-tls-ca,OU=orderer tls CA,O=SupplyLedger Lab,C=CN","CN=orderer2-tls,OU=orderer,O=Hyperledger,ST=North Carolina,C=US",066EEE2857BF4B8145786ED91969CACBC7A4F61D,8C:71:0C:43:20:23:B8:C9:82:B7:46:4D:2D:B6:02:6D:1B:D7:5F:7D,E4:5B:E7:34:3F:74:14:64:49:B6:CB:43:FB:E4:2C:E1:7B:96:2D:1C,DNS:orderer2.orderer.supply.test,"Digital Signature, Key Encipherment, Key Agreement","TLS Web Server Authentication, TLS Web Client Authentication",2026-09-24 12:20:00Z,2027-09-24 13:40:00Z,99:C3:1B:D9:A2:3F:20:DA:13:CE:51:C5:AC:A4:BE:C3:32:31:76:84:FF:02:3E:3C:41:30:48:9F:8D:DA:22:84,7b2159f843b4b86b381766d8cabeadf38b3ae14a56b66c8d8540d4d33b99f3bf,,,.runtime/identities/orderer/orderer2-tls/msp/signcerts/cert.pem,501:20,0644,501:20,0600,0700,PASS,PASS,PASS
orderer,osnadmin-client1-tls,Orderer admin mTLS client,M1 #10,orderer-admin-tls-ca,71:CE:E5:B9:8D:F4:A0:13:49:22:38:4D:C9:12:C5:C8:E6:F4:CC:F7:83:B5:DC:05:FB:80:E6:FF:76:DF:6B:72,"CN=orderer-admin-tls-ca,OU=orderer admin-tls CA,O=SupplyLedger Lab,C=CN","CN=osnadmin-client1-tls,OU=client,O=Hyperledger,ST=North Carolina,C=US",599ECD3A3AE546E80B6E2D0F7222072E7CD21188,E4:41:2A:9B:CC:53:85:8A:44:E4:02:92:A6:D3:9D:2B:3A:CE:8B:36,6A:9B:A9:B8:FA:7F:B8:F9:99:ED:1F:DA:3F:5C:9A:B7:DB:A2:2D:A2,DNS:osnadmin-client1.orderer.supply.test,"Digital Signature, Key Encipherment, Key Agreement","TLS Web Server Authentication, TLS Web Client Authentication",2026-09-24 12:27:00Z,2027-09-24 13:43:00Z,88:4F:48:6E:83:8D:E6:CC:74:19:CB:86:2D:AC:61:D7:4A:29:B4:62:B4:20:F4:F3:F1:4F:9C:AE:30:FC:23:C1,afaa9623e8363b57a91a4b491afa840d76a5b739dc7ea5fe9f32578f1768a729,,,.runtime/identities/orderer/osnadmin-client1-tls/msp/signcerts/cert.pem,501:20,0644,501:20,0600,0700,PASS,PASS,PASS
orderer,tls-registrar,CA registrar,M1 #9,orderer-tls-ca,25:D0:A6:EF:0B:CF:77:F1:E7:FF:85:85:70:8D:88:3F:79:CC:CA:81:FE:86:6A:AB:D9:13:E8:49:B7:D0:36:D4,"CN=orderer-tls-ca,OU=orderer tls CA,O=SupplyLedger Lab,C=CN","CN=orderer-tls-registrar,OU=client,O=Hyperledger,ST=North Carolina,C=US",4BE9239E41D04A84B87917139487B64EBFDFA7DF,8C:71:0C:43:20:23:B8:C9:82:B7:46:4D:2D:B6:02:6D:1B:D7:5F:7D,D0:B8:7F:D6:49:AF:A8:C7:34:98:C9:CC:4E:9D:DE:38:01:BA:95:91,DNS:fd4c166bb58e,"Digital Signature, Key Encipherment, Key Agreement","TLS Web Server Authentication, TLS Web Client Authentication",2026-09-24 12:20:00Z,2027-09-24 12:34:00Z,45:26:85:12:F8:BB:6A:96:D4:13:58:CB:49:01:71:B5:8C:1E:6F:67:F5:C6:48:AC:EA:F1:48:90:7A:40:00:F4,824fdba6d57b22da3529d9c8990e83f94c3aa03c1bc197515407ac97042c75f7,,,.runtime/identities/orderer/tls-registrar/msp/signcerts/cert.pem,501:20,0644,501:20,0600,0700,PASS,PASS,PASS
seller,enroll-registrar,CA registrar,M1 #9,seller-enroll-ca,0A:A6:8D:8B:A6:4B:99:9B:E7:ED:EC:6F:D9:C9:AF:B2:E7:B9:C7:50:B6:CD:7A:CA:76:93:48:6F:E6:D1:22:E4,"CN=seller-enroll-ca,OU=seller enroll CA,O=SupplyLedger Lab,C=CN","CN=seller-enroll-registrar,OU=client,O=Hyperledger,ST=North Carolina,C=US",2F66172A0A5A2B8785EABAA51B65848905BA85BC,60:69:C9:EF:A8:5C:4F:FD:84:66:AC:BE:F0:90:4F:2A:24:04:EC:B1,FF:58:49:8C:55:52:86:7C:97:06:67:BB:F0:83:32:CE:24:2B:57:AB,DNS:92197dc97293,Digital Signature,ABSENT,2026-09-24 12:17:00Z,2027-09-24 12:22:00Z,9D:8B:03:43:A5:99:56:25:1D:C9:84:BD:72:9A:B8:B5:C9:D9:93:D2:57:B2:25:C3:5D:C2:5E:CE:D7:CA:BA:D3,b0490c775ab5518cb4f79fa69194f6da5f010963d479165cdf3240289d321b1b,,,.runtime/identities/seller/enroll-registrar/msp/signcerts/cert.pem,501:20,0644,501:20,0600,0700,PASS,PASS,PASS
seller,enroll-server-tls,Enrollment CA HTTPS server,M1 #9,seller-tls-ca,24:55:D7:35:B3:B8:A6:F5:76:AB:73:38:B6:58:05:74:AD:C5:50:6E:25:95:08:D0:8A:18:EC:B6:BD:5C:DF:77,"CN=seller-tls-ca,OU=seller tls CA,O=SupplyLedger Lab,C=CN","CN=seller-enroll-server-tls,OU=client,O=Hyperledger,ST=North Carolina,C=US",1DEA91D7CF55CDA6C78BD154F430138C8AF9DBC3,79:D0:A6:6A:4C:73:1C:EF:1E:59:6E:83:4F:40:35:34:FA:29:51:A5,B6:44:73:02:15:6D:69:55:60:4F:55:9E:DF:A6:C5:46:97:1F:6A:79,DNS:ca-enroll.seller.supply.test,"Digital Signature, Key Encipherment, Key Agreement","TLS Web Server Authentication, TLS Web Client Authentication",2026-09-24 12:10:00Z,2027-09-24 12:21:00Z,4D:A7:49:CF:B9:F6:75:58:53:D1:9F:94:A5:A9:3F:75:71:FA:C7:76:74:02:02:F4:AF:12:46:FC:99:29:43:90,3865fcc587bd1185bc68750c8ce23c811576e40c633aa60e2de99b5fb84804c2,,,.runtime/identities/seller/enroll-server-tls/msp/signcerts/cert.pem,501:20,0644,501:20,0600,0700,PASS,PASS,PASS
seller,operator1,business user ECert,M1 #9,seller-enroll-ca,0A:A6:8D:8B:A6:4B:99:9B:E7:ED:EC:6F:D9:C9:AF:B2:E7:B9:C7:50:B6:CD:7A:CA:76:93:48:6F:E6:D1:22:E4,"CN=seller-enroll-ca,OU=seller enroll CA,O=SupplyLedger Lab,C=CN","CN=seller-operator1,OU=client,O=Hyperledger,ST=North Carolina,C=US",4FBE84265FCF88A6776A0683018BFF50ECECEFD3,60:69:C9:EF:A8:5C:4F:FD:84:66:AC:BE:F0:90:4F:2A:24:04:EC:B1,40:80:F5:92:14:8F:50:DE:C3:3E:D5:93:C2:18:FB:63:EB:E2:90:55,DNS:e5f658b80aa8,Digital Signature,ABSENT,2026-09-24 12:17:00Z,2027-09-24 12:23:00Z,00:C9:C2:30:2B:42:E3:36:68:97:74:A0:A0:89:DB:C0:83:CE:3D:56:53:5E:56:BD:CB:30:D0:5B:44:58:56:50,7d7f66976b7358b63fda7316c879f70d8795ae7eec713813c14808fb1ee5ae75,seller.operator1,operator,.runtime/identities/seller/operator1/msp/signcerts/cert.pem,501:20,0644,501:20,0600,0700,PASS,PASS,PASS
seller,seller-admin1,organization admin ECert,M1 #10,seller-enroll-ca,0A:A6:8D:8B:A6:4B:99:9B:E7:ED:EC:6F:D9:C9:AF:B2:E7:B9:C7:50:B6:CD:7A:CA:76:93:48:6F:E6:D1:22:E4,"CN=seller-enroll-ca,OU=seller enroll CA,O=SupplyLedger Lab,C=CN","CN=seller-admin1,OU=admin,O=Hyperledger,ST=North Carolina,C=US",73B19A38FE7856BB73FA4A007512D4F649387DCB,60:69:C9:EF:A8:5C:4F:FD:84:66:AC:BE:F0:90:4F:2A:24:04:EC:B1,74:D8:E6:3B:17:5B:7F:19:F2:0E:25:63:F1:7C:58:40:91:1F:00:67,DNS:f519b1691efd,Digital Signature,ABSENT,2026-09-24 12:17:00Z,2027-09-24 13:26:00Z,05:42:F4:79:3E:F8:37:01:80:EF:18:DD:BD:0D:B5:AD:6E:78:C4:68:55:DC:4E:55:64:14:D7:10:D9:19:98:84,c8b0dd0c31a6555aaa35a02e812fc2642c136e7df10fc4710d683331cc4abd9a,,,.runtime/identities/seller/seller-admin1/msp/signcerts/cert.pem,501:20,0644,501:20,0600,0700,PASS,PASS,PASS
seller,seller-client1,attribute-free client ECert,M1 #10,seller-enroll-ca,0A:A6:8D:8B:A6:4B:99:9B:E7:ED:EC:6F:D9:C9:AF:B2:E7:B9:C7:50:B6:CD:7A:CA:76:93:48:6F:E6:D1:22:E4,"CN=seller-enroll-ca,OU=seller enroll CA,O=SupplyLedger Lab,C=CN","CN=seller-client1,OU=client,O=Hyperledger,ST=North Carolina,C=US",01E2F609B7554FACCE87CC69CA6DB672923C11BB,60:69:C9:EF:A8:5C:4F:FD:84:66:AC:BE:F0:90:4F:2A:24:04:EC:B1,62:A0:F8:C5:A7:6F:7E:6C:7E:8E:A3:BC:D8:0C:8B:11:8E:AD:85:B3,DNS:04a1bc0d5cf1,Digital Signature,ABSENT,2026-09-24 12:17:00Z,2027-09-24 13:26:00Z,C1:A4:13:F6:72:A1:23:74:D9:52:CF:03:63:E7:99:89:95:CC:EE:8F:30:1B:52:9C:D9:AA:3D:E3:F6:87:97:A6,5f056385188da9c4e1c836153c217abff7d8ad17d2fd68b2c0c7484b08b2eaec,,,.runtime/identities/seller/seller-client1/msp/signcerts/cert.pem,501:20,0644,501:20,0600,0700,PASS,PASS,PASS
seller,seller-peer0,Peer node ECert,M1 #10,seller-enroll-ca,0A:A6:8D:8B:A6:4B:99:9B:E7:ED:EC:6F:D9:C9:AF:B2:E7:B9:C7:50:B6:CD:7A:CA:76:93:48:6F:E6:D1:22:E4,"CN=seller-enroll-ca,OU=seller enroll CA,O=SupplyLedger Lab,C=CN","CN=seller-peer0,OU=peer,O=Hyperledger,ST=North Carolina,C=US",7BF81BEFCDB97741D3410E836BC2253FB9C1A777,60:69:C9:EF:A8:5C:4F:FD:84:66:AC:BE:F0:90:4F:2A:24:04:EC:B1,A9:D7:FC:AB:C4:81:E5:AE:B1:1D:98:5A:5C:03:D5:B2:94:D8:F0:CD,DNS:3d1702fdb2bf,Digital Signature,ABSENT,2026-09-24 12:17:00Z,2027-09-24 13:27:00Z,D4:7F:DF:B9:4A:68:DC:C0:6D:A0:17:6E:3C:73:05:0C:F3:8A:C5:B1:B8:C0:32:80:02:1A:93:11:AB:42:78:AE,ae60a7807b5ebb501161431c69abfc77e07de09cfb27caf24cf15bc7650c480a,,,.runtime/identities/seller/seller-peer0/msp/signcerts/cert.pem,501:20,0644,501:20,0600,0700,PASS,PASS,PASS
seller,seller-peer0-tls,Peer TLS node,M1 #10,seller-tls-ca,24:55:D7:35:B3:B8:A6:F5:76:AB:73:38:B6:58:05:74:AD:C5:50:6E:25:95:08:D0:8A:18:EC:B6:BD:5C:DF:77,"CN=seller-tls-ca,OU=seller tls CA,O=SupplyLedger Lab,C=CN","CN=seller-peer0-tls,OU=peer,O=Hyperledger,ST=North Carolina,C=US",751DA16B155354CC7BF5A3F40A3B2EC7FF75D4ED,79:D0:A6:6A:4C:73:1C:EF:1E:59:6E:83:4F:40:35:34:FA:29:51:A5,64:EC:BB:19:E0:7E:7D:54:EB:33:59:DB:57:D6:89:06:1C:08:46:0A,DNS:peer0.seller.supply.test,"Digital Signature, Key Encipherment, Key Agreement","TLS Web Server Authentication, TLS Web Client Authentication",2026-09-24 12:10:00Z,2027-09-24 13:27:00Z,82:77:22:9C:8A:DF:0B:E5:82:95:53:ED:3F:41:73:74:20:DC:70:2B:AA:78:FE:CA:24:E8:15:E7:86:A2:58:B5,7d51a97ba4bbac8f2eddccb72ee7e1e7c2b4c31eb3a701604ac4d31912150aac,,,.runtime/identities/seller/seller-peer0-tls/msp/signcerts/cert.pem,501:20,0644,501:20,0600,0700,PASS,PASS,PASS
seller,seller-quality1,business user ECert,M1 #10,seller-enroll-ca,0A:A6:8D:8B:A6:4B:99:9B:E7:ED:EC:6F:D9:C9:AF:B2:E7:B9:C7:50:B6:CD:7A:CA:76:93:48:6F:E6:D1:22:E4,"CN=seller-enroll-ca,OU=seller enroll CA,O=SupplyLedger Lab,C=CN","CN=seller-quality1,OU=client,O=Hyperledger,ST=North Carolina,C=US",4CC07B3ADB510556A8A3F4D9AD1E31705F83DA8C,60:69:C9:EF:A8:5C:4F:FD:84:66:AC:BE:F0:90:4F:2A:24:04:EC:B1,31:B0:09:94:9F:CB:20:FF:6B:BE:9F:DC:BB:C2:A5:5F:33:76:BC:61,DNS:be320ef0eec7,Digital Signature,ABSENT,2026-09-24 12:17:00Z,2027-09-24 13:25:00Z,70:E7:CC:84:28:AD:A3:98:F9:C8:16:D5:31:B9:40:97:F7:AF:26:38:0B:46:7A:CE:76:33:1E:FF:EC:93:21:D5,5880895508ac8832dbbd8ac3937076f5d784d6e358b90c40b8926e0b53552d4d,seller.quality1,quality,.runtime/identities/seller/seller-quality1/msp/signcerts/cert.pem,501:20,0644,501:20,0600,0700,PASS,PASS,PASS
seller,tls-registrar,CA registrar,M1 #9,seller-tls-ca,24:55:D7:35:B3:B8:A6:F5:76:AB:73:38:B6:58:05:74:AD:C5:50:6E:25:95:08:D0:8A:18:EC:B6:BD:5C:DF:77,"CN=seller-tls-ca,OU=seller tls CA,O=SupplyLedger Lab,C=CN","CN=seller-tls-registrar,OU=client,O=Hyperledger,ST=North Carolina,C=US",77B6E67EB0ED1A4A415B6095D9EFC11B29308FCE,79:D0:A6:6A:4C:73:1C:EF:1E:59:6E:83:4F:40:35:34:FA:29:51:A5,F2:E3:0A:8F:6D:1B:0F:28:53:37:E6:19:C7:78:93:D7:7D:4A:9C:86,DNS:2e6c0a78696a,"Digital Signature, Key Encipherment, Key Agreement","TLS Web Server Authentication, TLS Web Client Authentication",2026-09-24 12:10:00Z,2027-09-24 12:19:00Z,67:15:55:08:C6:2B:0A:AF:F2:C1:30:3C:F3:78:56:9E:E3:F2:FB:E0:6E:06:8C:0F:33:DF:5D:29:D4:39:CA:C9,09888555a98bc506de6edf08ac152ca96656f8449f370e5e4aee117752179c85,,,.runtime/identities/seller/tls-registrar/msp/signcerts/cert.pem,501:20,0644,501:20,0600,0700,PASS,PASS,PASS
