ca_name,sha256_fingerprint
buyer-enroll-ca,8B:57:A9:8D:F8:BB:8A:09:AE:88:CA:8C:56:EE:DB:96:DF:E0:65:FC:E8:BD:68:D9:C0:B8:B8:BF:3A:E5:12:52
buyer-tls-ca,5E:C8:AD:97:97:6E:49:65:06:DD:69:45:9A:63:D1:05:42:9C:36:A0:19:AA:DE:50:DE:32:3F:A3:C2:40:C3:54
carrier-enroll-ca,98:F5:9C:F2:AD:E1:C0:96:08:1E:34:6D:48:B5:69:17:0B:8B:01:18:A7:99:D0:D5:58:C4:C1:AE:14:20:35:A9
carrier-tls-ca,3D:3F:FC:65:8F:1C:B6:3F:D1:81:E4:4F:77:23:EC:2E:6C:2E:C6:A1:07:B3:34:50:6B:D4:CC:B5:9E:4C:F9:6A
orderer-admin-tls-ca,71:CE:E5:B9:8D:F4:A0:13:49:22:38:4D:C9:12:C5:C8:E6:F4:CC:F7:83:B5:DC:05:FB:80:E6:FF:76:DF:6B:72
orderer-enroll-ca,92:AF:32:37:B4:E9:81:A0:89:69:13:A6:C7:57:BB:E3:C9:C6:CC:28:6A:CF:1B:25:52:BD:A0:C0:6D:23:DF:A4
orderer-tls-ca,25:D0:A6:EF:0B:CF:77:F1:E7:FF:85:85:70:8D:88:3F:79:CC:CA:81:FE:86:6A:AB:D9:13:E8:49:B7:D0:36:D4
seller-enroll-ca,0A:A6:8D:8B:A6:4B:99:9B:E7:ED:EC:6F:D9:C9:AF:B2:E7:B9:C7:50:B6:CD:7A:CA:76:93:48:6F:E6:D1:22:E4
seller-tls-ca,24:55:D7:35:B3:B8:A6:F5:76:AB:73:38:B6:58:05:74:AD:C5:50:6E:25:95:08:D0:8A:18:EC:B6:BD:5C:DF:77
